--
-- Sample dataset containing a number of Hotels in various Cities across the world.
--
insert into responsavel(id, nome, cpf, email, data_criacao) values (1, 'Isaias Souza', '50506549127', 'isaiassouza@dominio.com', CURRENT_DATE)
insert into responsavel(id, nome, cpf, email, data_criacao) values (2, 'Gabriela Souza', '36611615717', 'gabisouza@dominio.com', CURRENT_DATE)
insert into responsavel(id, nome, cpf, email, data_criacao) values (3, 'Mario Silva', '73368328735', 'mariosilva@dominio.com', CURRENT_DATE)
insert into responsavel(id, nome, cpf, email, data_criacao) values (4, 'Rafaela Campos', '71471421104', 'rafacamp@dominio.com', CURRENT_DATE)
insert into responsavel(id, nome, cpf, email, data_criacao) values (5, 'João Mario Filho', '87733530601', 'josemfilho@dominio.com', CURRENT_DATE)
insert into responsavel(id, nome, cpf, email, data_criacao) values (6, 'José Dias Leite', '77244653557', 'jdias@dominio.com', CURRENT_DATE)

insert into processo(id, numero_processo_unificado, data_distribuicao, segredo_justica, pasta_fisica_cliente, descricao, data_criacao, situacao_id) values (1, '0000001012017JTROOO1', CURRENT_DATE, false, 'Pas001', 'Cliente está sob custódia', CURRENT_DATE, 1)
insert into processo(id, numero_processo_unificado, data_distribuicao, segredo_justica, pasta_fisica_cliente, descricao, data_criacao, situacao_id) values (2, '0000002022017JTROOO1', CURRENT_DATE, false, 'Pas002', null, CURRENT_DATE, 1)
insert into processo(id, numero_processo_unificado, data_distribuicao, segredo_justica, pasta_fisica_cliente, descricao, data_criacao, situacao_id) values (3, '0000003032017JTROOO1', CURRENT_DATE, false, 'Pas003', 'Cliente está sob custódia', CURRENT_DATE, 3)
insert into processo(id, numero_processo_unificado, data_distribuicao, segredo_justica, pasta_fisica_cliente, descricao, data_criacao, situacao_id) values (4, '0000004042017JTROOO1', CURRENT_DATE, true, 'Pas004', 'Cliente está sob custódia', CURRENT_DATE, 3)
insert into processo(id, numero_processo_unificado, data_distribuicao, segredo_justica, pasta_fisica_cliente, descricao, data_criacao, situacao_id) values (5, '0000005052017JTROOO1', CURRENT_DATE, false, 'Pas005', null, CURRENT_DATE, 2)
insert into processo(id, numero_processo_unificado, data_distribuicao, segredo_justica, pasta_fisica_cliente, descricao, data_criacao, situacao_id) values (6, '0000006062017JTROOO1', CURRENT_DATE, false, 'Pas006', null, CURRENT_DATE, 2)
insert into processo(id, numero_processo_unificado, data_distribuicao, segredo_justica, pasta_fisica_cliente, descricao, data_criacao, situacao_id) values (7, '0000007072017JTROOO1', CURRENT_DATE, true, 'Pas007', null, CURRENT_DATE, 1)
insert into processo(id, numero_processo_unificado, data_distribuicao, segredo_justica, pasta_fisica_cliente, descricao, data_criacao, situacao_id) values (8, '0000008082017JTROOO1', CURRENT_DATE, false, 'Pas008', 'Cliente está sob custódia', CURRENT_DATE, 1)
insert into processo(id, numero_processo_unificado, data_distribuicao, segredo_justica, pasta_fisica_cliente, descricao, data_criacao, situacao_id) values (9, '0000009092017JTROOO1', CURRENT_DATE, false, 'Pas009', null, CURRENT_DATE, 1)
insert into processo(id, numero_processo_unificado, data_distribuicao, segredo_justica, pasta_fisica_cliente, descricao, data_criacao, situacao_id) values (10, '0000010102017JTROOO1', CURRENT_DATE, false, 'Pas010', null, CURRENT_DATE, 1)
insert into processo(id, numero_processo_unificado, data_distribuicao, segredo_justica, pasta_fisica_cliente, descricao, data_criacao, situacao_id) values (11, '0000011112017JTROOO1', CURRENT_DATE, false, 'Pas011', 'Cliente está sob custódia', CURRENT_DATE, 3)
insert into processo(id, numero_processo_unificado, data_distribuicao, segredo_justica, pasta_fisica_cliente, descricao, data_criacao, situacao_id) values (12, '0000012122017JTROOO1', CURRENT_DATE, false, 'Pas012', null, CURRENT_DATE, 1)
insert into processo(id, numero_processo_unificado, data_distribuicao, segredo_justica, pasta_fisica_cliente, descricao, data_criacao, situacao_id) values (13, '0000013132017JTROOO1', CURRENT_DATE, false, 'Pas013', 'Cliente está sob custódia', CURRENT_DATE, 3)
insert into processo(id, numero_processo_unificado, data_distribuicao, segredo_justica, pasta_fisica_cliente, descricao, data_criacao, situacao_id) values (14, '0000014142017JTROOO1', CURRENT_DATE, true, 'Pas014', null, CURRENT_DATE, 2)
insert into processo(id, numero_processo_unificado, data_distribuicao, segredo_justica, pasta_fisica_cliente, descricao, data_criacao, situacao_id) values (15, '0000015152017JTROOO1', CURRENT_DATE, false, 'Pas015', 'Cliente está sob custódia', CURRENT_DATE, 1)
insert into processo(id, numero_processo_unificado, data_distribuicao, segredo_justica, pasta_fisica_cliente, descricao, data_criacao, situacao_id) values (16, '0000016162017JTROOO1', CURRENT_DATE, false, 'Pas016', 'Cliente está fora do país', CURRENT_DATE, 1)
insert into processo(id, numero_processo_unificado, data_distribuicao, segredo_justica, pasta_fisica_cliente, descricao, data_criacao, situacao_id) values (17, '0000017172017JTROOO1', CURRENT_DATE, false, 'Pas017', null, CURRENT_DATE, 2)
insert into processo(id, numero_processo_unificado, data_distribuicao, segredo_justica, pasta_fisica_cliente, descricao, data_criacao, situacao_id) values (18, '0000018182017JTROOO1', CURRENT_DATE, false, 'Pas018', 'Cliente está sob custódia', CURRENT_DATE, 1)
insert into processo(id, numero_processo_unificado, data_distribuicao, segredo_justica, pasta_fisica_cliente, descricao, data_criacao, situacao_id) values (19, '0000019192017JTROOO1', CURRENT_DATE, true, 'Pas019', 'Cliente está fora do país', CURRENT_DATE, 1)
insert into processo(id, numero_processo_unificado, data_distribuicao, segredo_justica, pasta_fisica_cliente, descricao, data_criacao, situacao_id) values (20, '0000020202017JTROOO1', CURRENT_DATE, false, 'Pas020', null, CURRENT_DATE, 1)
insert into processo(id, numero_processo_unificado, data_distribuicao, segredo_justica, pasta_fisica_cliente, descricao, data_criacao, situacao_id) values (21, '0000021212017JTROOO1', CURRENT_DATE, false, 'Pas021', null, CURRENT_DATE, 2)
insert into processo(id, numero_processo_unificado, data_distribuicao, segredo_justica, pasta_fisica_cliente, descricao, data_criacao, situacao_id) values (22, '0000022222017JTROOO1', CURRENT_DATE, false, 'Pas022', 'Cliente está sob custódia', CURRENT_DATE, 1)
insert into processo(id, numero_processo_unificado, data_distribuicao, segredo_justica, pasta_fisica_cliente, descricao, data_criacao, situacao_id) values (23, '0000023232017JTROOO1', CURRENT_DATE, false, 'Pas023', 'Cliente está sob custódia', CURRENT_DATE, 4)
insert into processo(id, numero_processo_unificado, data_distribuicao, segredo_justica, pasta_fisica_cliente, descricao, data_criacao, situacao_id) values (24, '0000024242017JTROOO1', CURRENT_DATE, false, 'Pas024', 'Cliente está sob custódia', CURRENT_DATE, 4)
insert into processo(id, numero_processo_unificado, data_distribuicao, segredo_justica, pasta_fisica_cliente, descricao, data_criacao, situacao_id) values (25, '0000025252017JTROOO1', CURRENT_DATE, true, 'Pas025', 'Cliente está sob custódia', CURRENT_DATE, 1)
insert into processo(id, numero_processo_unificado, data_distribuicao, segredo_justica, pasta_fisica_cliente, descricao, data_criacao, situacao_id) values (26, '0000026262017JTROOO1', CURRENT_DATE, false, 'Pas026', null, CURRENT_DATE, 5)
insert into processo(id, numero_processo_unificado, data_distribuicao, segredo_justica, pasta_fisica_cliente, descricao, data_criacao, situacao_id) values (27, '0000027272017JTROOO1', CURRENT_DATE, false, 'Pas027', null, CURRENT_DATE, 5)
insert into processo(id, numero_processo_unificado, data_distribuicao, segredo_justica, pasta_fisica_cliente, descricao, data_criacao, situacao_id) values (28, '0000028282017JTROOO1', CURRENT_DATE, true, 'Pas028', null, CURRENT_DATE, 1)
insert into processo(id, numero_processo_unificado, data_distribuicao, segredo_justica, pasta_fisica_cliente, descricao, data_criacao, situacao_id) values (29, '0000029292017JTROOO1', CURRENT_DATE, false, 'Pas029', null, CURRENT_DATE, 5)
insert into processo(id, numero_processo_unificado, data_distribuicao, segredo_justica, pasta_fisica_cliente, descricao, data_criacao, situacao_id) values (30, '0000030302017JTROOO1', CURRENT_DATE, false, 'Pas030', 'Cliente está fora do país', CURRENT_DATE, 1)
insert into processo(id, numero_processo_unificado, data_distribuicao, segredo_justica, pasta_fisica_cliente, descricao, data_criacao, situacao_id) values (31, '0000031312017JTROOO1', CURRENT_DATE, false, 'Pas031', 'Cliente está sob custódia', CURRENT_DATE, 1)
insert into processo(id, numero_processo_unificado, data_distribuicao, segredo_justica, pasta_fisica_cliente, descricao, data_criacao, situacao_id) values (32, '0000032322017JTROOO1', CURRENT_DATE, true, 'Pas032', null, CURRENT_DATE, 1)
insert into processo(id, numero_processo_unificado, data_distribuicao, segredo_justica, pasta_fisica_cliente, descricao, data_criacao, situacao_id) values (33, '0000033332017JTROOO1', CURRENT_DATE, true, 'Pas033', null, CURRENT_DATE, 1)
insert into processo(id, numero_processo_unificado, data_distribuicao, segredo_justica, pasta_fisica_cliente, descricao, data_criacao, situacao_id) values (34, '0000034342017JTROOO1', CURRENT_DATE, true, 'Pas034', 'Cliente está sob custódia', CURRENT_DATE, 1)
insert into processo(id, numero_processo_unificado, data_distribuicao, segredo_justica, pasta_fisica_cliente, descricao, data_criacao, situacao_id) values (35, '0000035352017JTROOO1', CURRENT_DATE, false, 'Pas035', 'Cliente solicitou apelação', CURRENT_DATE, 4)
insert into processo(id, numero_processo_unificado, data_distribuicao, segredo_justica, pasta_fisica_cliente, descricao, data_criacao, situacao_id) values (36, '0000036362017JTROOO1', CURRENT_DATE, false, 'Pas036', 'Cliente solicitou apelação', CURRENT_DATE, 4)
insert into processo(id, numero_processo_unificado, data_distribuicao, segredo_justica, pasta_fisica_cliente, descricao, data_criacao, situacao_id) values (37, '0000037372017JTROOO1', CURRENT_DATE, false, 'Pas037', null, CURRENT_DATE, 1)
insert into processo(id, numero_processo_unificado, data_distribuicao, segredo_justica, pasta_fisica_cliente, descricao, data_criacao, situacao_id) values (38, '0000038382017JTROOO1', CURRENT_DATE, false, 'Pas038', 'Cliente solicitou apelação', CURRENT_DATE, 5)
insert into processo(id, numero_processo_unificado, data_distribuicao, segredo_justica, pasta_fisica_cliente, descricao, data_criacao, situacao_id) values (39, '0000039392017JTROOO1', CURRENT_DATE, false, 'Pas039', 'Cliente solicitou apelação', CURRENT_DATE, 5)
insert into processo(id, numero_processo_unificado, data_distribuicao, segredo_justica, pasta_fisica_cliente, descricao, data_criacao, situacao_id) values (40, '0000040402017JTROOO1', CURRENT_DATE, true, 'Pas040', null, CURRENT_DATE, 1)
insert into processo(id, numero_processo_unificado, data_distribuicao, segredo_justica, pasta_fisica_cliente, descricao, data_criacao, situacao_id) values (41, '0000041412017JTROOO1', CURRENT_DATE, true, 'Pas041', 'Cliente está sob custódia', CURRENT_DATE, 1)
insert into processo(id, numero_processo_unificado, data_distribuicao, segredo_justica, pasta_fisica_cliente, descricao, data_criacao, situacao_id) values (42, '0000042422017JTROOO1', CURRENT_DATE, false, 'Pas042', null, CURRENT_DATE, 1)
insert into processo(id, numero_processo_unificado, data_distribuicao, segredo_justica, pasta_fisica_cliente, descricao, data_criacao, situacao_id) values (43, '0000043432017JTROOO1', CURRENT_DATE, false, 'Pas043', null, CURRENT_DATE, 1)
insert into processo(id, numero_processo_unificado, data_distribuicao, segredo_justica, pasta_fisica_cliente, descricao, data_criacao, situacao_id) values (44, '0000044442017JTROOO1', CURRENT_DATE, true, 'Pas044', 'Cliente está sob custódia', CURRENT_DATE, 1)

insert into processo_responsaveis (processo_id, responsavel_id) values (1, 1)
insert into processo_responsaveis (processo_id, responsavel_id) values (2, 1)
insert into processo_responsaveis (processo_id, responsavel_id) values (2, 2)
insert into processo_responsaveis (processo_id, responsavel_id) values (2, 3)
insert into processo_responsaveis (processo_id, responsavel_id) values (3, 2)
insert into processo_responsaveis (processo_id, responsavel_id) values (3, 4)
insert into processo_responsaveis (processo_id, responsavel_id) values (4, 1)
insert into processo_responsaveis (processo_id, responsavel_id) values (4, 5)
insert into processo_responsaveis (processo_id, responsavel_id) values (5, 5)
insert into processo_responsaveis (processo_id, responsavel_id) values (6, 6)
insert into processo_responsaveis (processo_id, responsavel_id) values (7, 2)
insert into processo_responsaveis (processo_id, responsavel_id) values (7, 6)
insert into processo_responsaveis (processo_id, responsavel_id) values (8, 2)
insert into processo_responsaveis (processo_id, responsavel_id) values (9, 2)
insert into processo_responsaveis (processo_id, responsavel_id) values (10, 1)
insert into processo_responsaveis (processo_id, responsavel_id) values (11, 4)
insert into processo_responsaveis (processo_id, responsavel_id) values (12, 2)
insert into processo_responsaveis (processo_id, responsavel_id) values (13, 3)
insert into processo_responsaveis (processo_id, responsavel_id) values (14, 3)
insert into processo_responsaveis (processo_id, responsavel_id) values (15, 3)
insert into processo_responsaveis (processo_id, responsavel_id) values (16, 3)
insert into processo_responsaveis (processo_id, responsavel_id) values (17, 1)
insert into processo_responsaveis (processo_id, responsavel_id) values (17, 2)
insert into processo_responsaveis (processo_id, responsavel_id) values (17, 3)
insert into processo_responsaveis (processo_id, responsavel_id) values (18, 1)
insert into processo_responsaveis (processo_id, responsavel_id) values (18, 2)
insert into processo_responsaveis (processo_id, responsavel_id) values (19, 3)
insert into processo_responsaveis (processo_id, responsavel_id) values (20, 1)
insert into processo_responsaveis (processo_id, responsavel_id) values (20, 2)
insert into processo_responsaveis (processo_id, responsavel_id) values (20, 6)
insert into processo_responsaveis (processo_id, responsavel_id) values (21, 2)
insert into processo_responsaveis (processo_id, responsavel_id) values (22, 2)
insert into processo_responsaveis (processo_id, responsavel_id) values (23, 2)
insert into processo_responsaveis (processo_id, responsavel_id) values (24, 2)
insert into processo_responsaveis (processo_id, responsavel_id) values (25, 4)
insert into processo_responsaveis (processo_id, responsavel_id) values (26, 4)
insert into processo_responsaveis (processo_id, responsavel_id) values (27, 2)
insert into processo_responsaveis (processo_id, responsavel_id) values (28, 1)
insert into processo_responsaveis (processo_id, responsavel_id) values (29, 2)
insert into processo_responsaveis (processo_id, responsavel_id) values (30, 3)
insert into processo_responsaveis (processo_id, responsavel_id) values (31, 4)
insert into processo_responsaveis (processo_id, responsavel_id) values (32, 5)
insert into processo_responsaveis (processo_id, responsavel_id) values (33, 6)
insert into processo_responsaveis (processo_id, responsavel_id) values (34, 6)
insert into processo_responsaveis (processo_id, responsavel_id) values (35, 2)
insert into processo_responsaveis (processo_id, responsavel_id) values (36, 2)
insert into processo_responsaveis (processo_id, responsavel_id) values (37, 2)
insert into processo_responsaveis (processo_id, responsavel_id) values (38, 2)
insert into processo_responsaveis (processo_id, responsavel_id) values (39, 1)
insert into processo_responsaveis (processo_id, responsavel_id) values (40, 2)
insert into processo_responsaveis (processo_id, responsavel_id) values (41, 3)
insert into processo_responsaveis (processo_id, responsavel_id) values (42, 4)
insert into processo_responsaveis (processo_id, responsavel_id) values (43, 5)
insert into processo_responsaveis (processo_id, responsavel_id) values (44, 6)